id,code,name,asset_type,utility_type,lifecycle_status,verification_status,zone_id,map_x,map_y,attachedMetersCount,outboundConnectionsCount,inboundConnectionsCount
c89d0a40-9fbf-40da-91a9-337efc341922,ASSET-CTX-002d98,Trạm Trắc Địa Tân Thuận,SUBSTATION,UNKNOWN,ACTIVE,VERIFIED,,0.35,0.45,0,0,1
6a4f70b2-75df-4f3b-bc8b-c2fc7130217e,ASSET-CTX-62855b,Trạm Trắc Địa Tân Thuận,SUBSTATION,UNKNOWN,ACTIVE,VERIFIED,,0.35,0.45,0,0,1
db6eab79-0f51-4663-a132-d73f4c7899b5,ASSET-CTX-986ce0,Trạm Trắc Địa Tân Thuận,SUBSTATION,UNKNOWN,ACTIVE,VERIFIED,,0.35,0.45,0,0,1
e616b07d-d839-4f23-9f19-b7ad7ce9611d,ASSET-CTX-a04c0b,Trạm Trắc Địa Tân Thuận,SUBSTATION,UNKNOWN,ACTIVE,VERIFIED,,0.35,0.45,0,0,1
d4a875c2-7c30-4445-915d-6be2e9421911,ASSET-CTX-bcc7aa,Trạm Trắc Địa Tân Thuận,SUBSTATION,UNKNOWN,ACTIVE,VERIFIED,,0.35,0.45,0,0,1
6e665d64-ed36-4f77-8dd8-dfeea3012abd,ASSET-CTX-d7de11,Trạm Trắc Địa Tân Thuận,SUBSTATION,UNKNOWN,ACTIVE,VERIFIED,,0.35,0.45,0,0,1
92d77f65-7567-4765-8b93-e4316d8faf95,ASSET-CTX-f9d051,Trạm Trắc Địa Tân Thuận,SUBSTATION,UNKNOWN,ACTIVE,VERIFIED,,0.35,0.45,0,0,1
83c04b86-8880-4a46-ba76-1729211bc1a4,ASSET-NET-UV-49a216,Trạm Biến Áp Chưa Xác Minh,SUBSTATION,UNKNOWN,ACTIVE,UNVERIFIED,,,,0,1,0
c26d1bb3-5bf7-460f-93f4-4ec26cf738a7,ASSET-NET-UV-55f403,Trạm Biến Áp Chưa Xác Minh,SUBSTATION,UNKNOWN,ACTIVE,UNVERIFIED,,,,0,1,0
07789d63-5a25-4890-82e6-9254745b251f,ASSET-NET-UV-62c75d,Trạm Biến Áp Chưa Xác Minh,SUBSTATION,UNKNOWN,ACTIVE,UNVERIFIED,,,,0,1,0
af6aebfb-5550-4869-a81b-6863418edd03,ASSET-NET-UV-63ae0e,Trạm Biến Áp Chưa Xác Minh,SUBSTATION,UNKNOWN,ACTIVE,UNVERIFIED,,,,0,1,0
9c6ab0ba-785d-48b6-b324-900c64d2e531,ASSET-NET-UV-9aabfb,Trạm Biến Áp Chưa Xác Minh,SUBSTATION,UNKNOWN,ACTIVE,UNVERIFIED,,,,0,1,0
5973adaf-dbd8-445d-9dfc-066858b4f2b3,ASSET-NET-UV-f02cbc,Trạm Biến Áp Chưa Xác Minh,SUBSTATION,UNKNOWN,ACTIVE,UNVERIFIED,,,,0,1,0
5237d5ed-ad40-4235-9e44-98f709e7adbd,ASSET-NET-UV-fa6ee2,Trạm Biến Áp Chưa Xác Minh,SUBSTATION,UNKNOWN,ACTIVE,UNVERIFIED,,,,0,1,0
8a9882f0-aefc-40ed-b4c1-2dea34cadf02,ASSET-NET-V-04d295,Trạm Biến Áp Đã Xác Minh,SUBSTATION,UNKNOWN,ACTIVE,VERIFIED,,,,0,1,0
52550df9-8166-4e97-8977-33b231387f35,ASSET-NET-V-0635d9,Trạm Biến Áp Đã Xác Minh,SUBSTATION,UNKNOWN,ACTIVE,VERIFIED,,,,0,1,0
697de013-2e05-45e4-b70b-c34c2f12863d,ASSET-NET-V-172821,Trạm Biến Áp Đã Xác Minh,SUBSTATION,UNKNOWN,ACTIVE,VERIFIED,,,,0,1,0
959c24dd-8bdc-4b05-a10f-f0224eed19db,ASSET-NET-V-2c58fb,Trạm Biến Áp Đã Xác Minh,SUBSTATION,UNKNOWN,ACTIVE,VERIFIED,,,,0,1,0
1f36093b-012d-448e-b7de-7a8101ed2783,ASSET-NET-V-7a5b89,Trạm Biến Áp Đã Xác Minh,SUBSTATION,UNKNOWN,ACTIVE,VERIFIED,,,,0,1,0
63ccca8e-9d45-43ab-a714-ae24c6bd1a4d,ASSET-NET-V-8b330b,Trạm Biến Áp Đã Xác Minh,SUBSTATION,UNKNOWN,ACTIVE,VERIFIED,,,,0,1,0
ddd9cfb0-6588-42e1-a8f1-0bdbbc3ec3dc,ASSET-NET-V-f87109,Trạm Biến Áp Đã Xác Minh,SUBSTATION,UNKNOWN,ACTIVE,VERIFIED,,,,0,1,0
bfa11817-6a6b-40ba-8258-ae2abcbc806d,ASSET-NET-V2-062261,Tủ Phân Phối Đã Xác Minh,SWITCHBOARD,UNKNOWN,ACTIVE,VERIFIED,,,,0,0,2
0db7e23d-c35b-465c-adfc-9457891914db,ASSET-NET-V2-274b71,Tủ Phân Phối Đã Xác Minh,SWITCHBOARD,UNKNOWN,ACTIVE,VERIFIED,,,,0,0,2
3500f95c-3828-4204-a7b8-3d787df21e41,ASSET-NET-V2-2c565f,Tủ Phân Phối Đã Xác Minh,SWITCHBOARD,UNKNOWN,ACTIVE,VERIFIED,,,,0,0,2
b4af0ef0-ce5d-4d15-97c1-9f03cbece601,ASSET-NET-V2-7809c7,Tủ Phân Phối Đã Xác Minh,SWITCHBOARD,UNKNOWN,ACTIVE,VERIFIED,,,,0,0,2
0e88d513-3d6f-418b-951e-e8ab85dba39e,ASSET-NET-V2-85744f,Tủ Phân Phối Đã Xác Minh,SWITCHBOARD,UNKNOWN,ACTIVE,VERIFIED,,,,0,0,2
ffa5982f-3ffc-4db5-b446-b8e9def6b736,ASSET-NET-V2-99fdfc,Tủ Phân Phối Đã Xác Minh,SWITCHBOARD,UNKNOWN,ACTIVE,VERIFIED,,,,0,0,2
49d792b7-5c54-4f43-8cd2-1e8bcd865ace,ASSET-NET-V2-b196b5,Tủ Phân Phối Đã Xác Minh,SWITCHBOARD,UNKNOWN,ACTIVE,VERIFIED,,,,0,0,2
c961a579-6d3b-4775-8de8-042df7ec463a,ASSET-NO-XY-176f90,Máy Bơm Cứu Hỏa Dự Phòng,PUMP,UNKNOWN,ACTIVE,UNVERIFIED,,,,0,0,0
d3acb698-7e2a-46da-9c59-06360149200c,ASSET-NO-XY-242077,Máy Bơm Cứu Hỏa Dự Phòng,PUMP,UNKNOWN,ACTIVE,UNVERIFIED,,,,0,0,0
d8c9b3c6-b594-4878-b649-d5cfa1a94960,ASSET-NO-XY-35ece4,Máy Bơm Cứu Hỏa Dự Phòng,PUMP,UNKNOWN,ACTIVE,UNVERIFIED,,,,0,0,0
5ccb13b7-9f34-4570-9d4d-32032f7edd3c,ASSET-NO-XY-859750,Máy Bơm Cứu Hỏa Dự Phòng,PUMP,UNKNOWN,ACTIVE,UNVERIFIED,,,,0,0,0
c51185fe-f924-44ee-9a35-08e734afcb61,ASSET-NO-XY-9202df,Máy Bơm Cứu Hỏa Dự Phòng,PUMP,UNKNOWN,ACTIVE,UNVERIFIED,,,,0,0,0
47a13046-9d7f-48f2-bb73-b353e1cbbb00,ASSET-NO-XY-ba8a6a,Máy Bơm Cứu Hỏa Dự Phòng,PUMP,UNKNOWN,ACTIVE,UNVERIFIED,,,,0,0,0
edce9229-51a0-4cf8-9e42-a7dcc6ddaf3f,ASSET-NO-XY-c3650e,Máy Bơm Cứu Hỏa Dự Phòng,PUMP,UNKNOWN,ACTIVE,UNVERIFIED,,,,0,0,0
17594b83-9e4f-4a86-9e9d-bf8b69f9417d,ASSET-UP-2e042b,Đường Dây 110kV EVN,FEEDER,UNKNOWN,ACTIVE,VERIFIED,,,,0,1,0
6235d99d-306a-47a6-b948-04f27a53bf23,ASSET-UP-6be8f0,Đường Dây 110kV EVN,FEEDER,UNKNOWN,ACTIVE,VERIFIED,,,,0,1,0
b33648d8-ebaf-4e90-b1bc-c3a74868ac67,ASSET-UP-9f4580,Đường Dây 110kV EVN,FEEDER,UNKNOWN,ACTIVE,VERIFIED,,,,0,1,0
4367b561-d553-4c5f-9bbb-0cf7d72d39f6,ASSET-UP-a15c39,Đường Dây 110kV EVN,FEEDER,UNKNOWN,ACTIVE,VERIFIED,,,,0,1,0
787ba297-cc9e-4adf-8af3-7e7c51e792aa,ASSET-UP-b32f5d,Đường Dây 110kV EVN,FEEDER,UNKNOWN,ACTIVE,VERIFIED,,,,0,1,0
5e06e9d2-736a-4008-99c4-d4756e7f2549,ASSET-UP-c8c207,Đường Dây 110kV EVN,FEEDER,UNKNOWN,ACTIVE,VERIFIED,,,,0,1,0
db71f5fa-0bdd-4b02-888d-e615a43f6cbc,ASSET-UP-c91861,Đường Dây 110kV EVN,FEEDER,UNKNOWN,ACTIVE,VERIFIED,,,,0,1,0
0cbf9ea3-c778-4a68-8a17-916d658d7417,AST-A-1490,Asset A,SUBSTATION,UNKNOWN,ACTIVE,UNVERIFIED,,,,0,0,0
8cb0685f-a2dc-43d9-bf94-ae310d201563,AST-A-1d0d,Asset A,SUBSTATION,UNKNOWN,ACTIVE,UNVERIFIED,,,,0,0,0
14f26b21-a1d3-4f33-bbfb-22158258dba6,AST-A-2a36,Asset A,SUBSTATION,UNKNOWN,ACTIVE,UNVERIFIED,,,,0,0,0
7cbefea8-7722-4bd2-ba7c-d68a0728ba44,AST-A-50fb,Asset A,SUBSTATION,UNKNOWN,ACTIVE,UNVERIFIED,,,,0,0,0
f7a63e0c-dc63-4efc-91ad-dd0cf5478072,AST-A-6017,Asset A,SUBSTATION,UNKNOWN,ACTIVE,UNVERIFIED,,,,0,0,0
8d9d4e68-c5f9-485c-be13-76e48fbce48b,AST-A-7bf2,Asset A,SUBSTATION,UNKNOWN,ACTIVE,UNVERIFIED,,,,0,0,0
f93c0d46-28eb-4e92-9078-48987ccbd540,AST-A-8516,Asset A,SUBSTATION,UNKNOWN,ACTIVE,UNVERIFIED,,,,0,0,0
1167b171-0dc9-46ab-ab16-a8588cdbb44b,AST-A-9655,Asset A,SUBSTATION,UNKNOWN,ACTIVE,UNVERIFIED,,,,0,0,0
076881e8-207d-4886-845c-1a5353bfa4a4,AST-A-abc0,Asset A,SUBSTATION,UNKNOWN,ACTIVE,UNVERIFIED,,,,0,0,0
26b1d428-e91f-4735-a737-595cab00d967,AST-A-e42b,Asset A,SUBSTATION,UNKNOWN,ACTIVE,UNVERIFIED,,,,0,0,0
339bee88-d4e4-4e39-a5a9-9f512e427951,AST-A-ef1d,Asset A,SUBSTATION,UNKNOWN,ACTIVE,UNVERIFIED,,,,0,0,0
ac12ccbb-5904-4342-81e9-b33d6a5a0b1d,AST-A-efa1,Asset A,SUBSTATION,UNKNOWN,ACTIVE,UNVERIFIED,,,,0,0,0
bbe02670-f231-4ff8-8ab7-07bbb3d9c144,AST-A-f20a,Asset A,SUBSTATION,UNKNOWN,ACTIVE,UNVERIFIED,,,,0,0,0
dc8b63e9-e0ec-4c21-a703-0c130b6333ad,AST-A-f43d,Asset A,SUBSTATION,UNKNOWN,ACTIVE,UNVERIFIED,,,,0,0,0
d89418f8-f194-436c-a402-4112a400d92b,AST-B-1277,Asset B,SWITCHBOARD,UNKNOWN,ACTIVE,UNVERIFIED,,,,0,0,0
c8d377b8-3b72-4789-85eb-1dc019330e9a,AST-B-4b76,Asset B,SWITCHBOARD,UNKNOWN,ACTIVE,UNVERIFIED,,,,0,0,0
75221121-9919-42ea-8eab-83d8e884861e,AST-B-50af,Asset B,SWITCHBOARD,UNKNOWN,ACTIVE,UNVERIFIED,,,,0,0,0
73896bca-f123-4145-bbea-841076ac410c,AST-B-51e7,Asset B,SWITCHBOARD,UNKNOWN,ACTIVE,UNVERIFIED,,,,0,0,0
b5e295bd-0274-4756-9f24-9c65b6314506,AST-B-56e4,Asset B,SWITCHBOARD,UNKNOWN,ACTIVE,UNVERIFIED,,,,0,0,0
f35ffa6e-c30f-4ac0-99e8-b7191c2988bd,AST-B-59b3,Asset B,SWITCHBOARD,UNKNOWN,ACTIVE,UNVERIFIED,,,,0,0,0
b7bcd8fb-6fcb-4237-b7de-88b15eac521e,AST-B-6eb8,Asset B,SWITCHBOARD,UNKNOWN,ACTIVE,UNVERIFIED,,,,0,0,0
cc6f1063-4e5a-4de3-991e-2ece7bdf8430,AST-B-7217,Asset B,SWITCHBOARD,UNKNOWN,ACTIVE,UNVERIFIED,,,,0,0,0
93997642-0bf4-40b6-94cf-bf6907a59296,AST-B-7ad1,Asset B,SWITCHBOARD,UNKNOWN,ACTIVE,UNVERIFIED,,,,0,0,0
13023444-212c-4038-8f77-5e69d6c335bb,AST-B-a740,Asset B,SWITCHBOARD,UNKNOWN,ACTIVE,UNVERIFIED,,,,0,0,0
9085490d-f8ac-42e2-a004-4eb4f13d0052,AST-B-d07b,Asset B,SWITCHBOARD,UNKNOWN,ACTIVE,UNVERIFIED,,,,0,0,0
5961d1c2-912d-4200-a372-f16d48bdee41,AST-B-d778,Asset B,SWITCHBOARD,UNKNOWN,ACTIVE,UNVERIFIED,,,,0,0,0
85ee4345-71fe-453b-bf5f-6742ce8bf258,AST-B-dee3,Asset B,SWITCHBOARD,UNKNOWN,ACTIVE,UNVERIFIED,,,,0,0,0
c61f4443-0f3e-42fe-bfbd-b595332e6258,AST-B-e0ee,Asset B,SWITCHBOARD,UNKNOWN,ACTIVE,UNVERIFIED,,,,0,0,0
7597aa69-6080-41ec-a262-775afa43cb57,AST-C-03d3,Asset C,FEEDER,UNKNOWN,ACTIVE,UNVERIFIED,,,,0,0,0
a2c295b9-fc08-4062-82e2-9a5c3602fad0,AST-C-10e2,Asset C,FEEDER,UNKNOWN,ACTIVE,UNVERIFIED,,,,0,0,0
e66eca38-4fa2-4bde-aee5-91ef2b77d73f,AST-C-2579,Asset C,FEEDER,UNKNOWN,ACTIVE,UNVERIFIED,,,,0,0,0
5b7c75ef-6589-4bfe-8a22-28f0be10b973,AST-C-2c19,Asset C,FEEDER,UNKNOWN,ACTIVE,UNVERIFIED,,,,0,0,0
e447db4c-9e65-45e4-9d87-089654361a02,AST-C-3166,Asset C,FEEDER,UNKNOWN,ACTIVE,UNVERIFIED,,,,0,0,0
ff682e96-fe2a-40f0-8771-c4a966e759b0,AST-C-34b3,Asset C,FEEDER,UNKNOWN,ACTIVE,UNVERIFIED,,,,0,0,0
0ed4dd59-a0b5-41cc-8ac8-6e83e20c9926,AST-C-3a5f,Asset C,FEEDER,UNKNOWN,ACTIVE,UNVERIFIED,,,,0,0,0
207462f0-4176-400a-8a7a-56385b02cd6d,AST-C-5b87,Asset C,FEEDER,UNKNOWN,ACTIVE,UNVERIFIED,,,,0,0,0
764ac602-74d8-44d9-817b-9fb3f5046b6b,AST-C-8c21,Asset C,FEEDER,UNKNOWN,ACTIVE,UNVERIFIED,,,,0,0,0
ff8559f3-28ec-4b33-a952-29b7dd36e5eb,AST-C-8f37,Asset C,FEEDER,UNKNOWN,ACTIVE,UNVERIFIED,,,,0,0,0
7cfc214d-1d52-4fc7-abf5-1274f6ae293b,AST-C-9bac,Asset C,FEEDER,UNKNOWN,ACTIVE,UNVERIFIED,,,,0,0,0
5fe654b1-c46e-41b7-bbef-b9d033347580,AST-C-ada8,Asset C,FEEDER,UNKNOWN,ACTIVE,UNVERIFIED,,,,0,0,0
8a7ae7d5-9afa-42bc-a059-2926f126b7ad,AST-C-d070,Asset C,FEEDER,UNKNOWN,ACTIVE,UNVERIFIED,,,,0,0,0
de3e9d10-b26f-4d92-b124-e1d45b2f13c9,AST-C-efc2,Asset C,FEEDER,UNKNOWN,ACTIVE,UNVERIFIED,,,,0,0,0
68d4352e-dc8f-4b04-8bb6-f27c34b8501b,AST-CAND-001,Berth 1 North Station Infrastructure,OTHER,UNKNOWN,ACTIVE,UNVERIFIED,,,,1,0,0
4503b3d3-9c33-41e7-b0c2-4aa035f74753,AST-CAND-002,Berth 2 Auxiliary Barge Wharf,OTHER,UNKNOWN,ACTIVE,UNVERIFIED,,,,1,0,0
4c88119e-8d53-4244-ade6-3db797bdac1e,AST-CAND-003,Rubber-Tired Gantry Crane RTG-01,RTG,UNKNOWN,ACTIVE,UNVERIFIED,,,,1,0,0
f1f092c8-78f8-4f67-9baf-6d77757fe7d9,AST-CAND-004,Rubber-Tired Gantry Crane RTG-02,RTG,UNKNOWN,ACTIVE,UNVERIFIED,,,,1,0,0
4910d7b2-50c3-4947-ad0a-30ba7afb1068,AST-CAND-005,Warehouse Main Distribution Board MDB-01,SWITCHBOARD,UNKNOWN,ACTIVE,UNVERIFIED,,,,1,0,0
1966a624-d24c-4772-b81b-57cd860f38ec,AST-CAND-006,Fire Suppression Pump System,PUMP,UNKNOWN,ACTIVE,UNVERIFIED,,,,1,0,0
1e741c9f-10a5-4f6d-8b03-d68b7d338fd3,AST-CAND-007,Main Gate Barrier Station 1,MACHINE,UNKNOWN,ACTIVE,UNVERIFIED,,,,1,0,0
ee281f2a-087a-4f9a-8673-ec2afa1b70f3,AST-CAND-008,Gate Operations Auxiliary Office,OFFICE,UNKNOWN,ACTIVE,UNVERIFIED,,,,1,0,0
aafa5530-ca39-4fae-94a1-a6618e582aed,AST-CAND-009,Substation 1 Medium Voltage Feeder,FEEDER,UNKNOWN,ACTIVE,UNVERIFIED,,,,1,0,0
9b0d6e40-622f-4877-a12d-348db902ac4a,AST-CAND-010,Substation 2 Load Transformer 2,TRANSFORMER,UNKNOWN,ACTIVE,UNVERIFIED,,,,1,0,0
da234260-ddd2-4efc-9062-2fa29deacffa,AST-CAND-011,Mechanical Workshop Machinery Feeder Panel,SWITCHBOARD,UNKNOWN,ACTIVE,UNVERIFIED,,,,1,0,0
9d6ed2f0-0e32-46d2-ae69-6c8e4cc86efb,AST-CAND-012,Maintenance Workshop Compressed Air System,COMPRESSOR,UNKNOWN,ACTIVE,UNVERIFIED,,,,1,0,0
bc10f293-65a3-47ad-b495-f5d174ceabdc,AST-CHL-0f4c,Child Asset,SWITCHBOARD,UNKNOWN,ACTIVE,UNVERIFIED,,,,0,0,0
be12a4e2-4638-401e-8a13-ac25edcb3d6c,AST-CHL-1344,Child Asset,SWITCHBOARD,UNKNOWN,ACTIVE,UNVERIFIED,,,,0,0,0
b408421d-f0dc-4a77-adc5-9db02e1cdd6a,AST-CHL-17c3,Child Asset,SWITCHBOARD,UNKNOWN,ACTIVE,UNVERIFIED,,,,0,0,0
6b02b25a-5046-41e6-a0c3-57d06257a8bd,AST-CHL-1bc7,Child Asset,SWITCHBOARD,UNKNOWN,ACTIVE,UNVERIFIED,,,,0,0,0
b4a698fb-f821-44ec-bb15-9d10f58ae433,AST-CHL-86db,Child Asset,SWITCHBOARD,UNKNOWN,ACTIVE,UNVERIFIED,,,,0,0,0
a8d3b86c-fe1e-4bbc-8e36-26c504c9edbb,AST-CHL-89d0,Child Asset,SWITCHBOARD,UNKNOWN,ACTIVE,UNVERIFIED,,,,0,0,0
684f0b9e-767e-49ad-84ab-d1dc2efedcbc,AST-CHL-a688,Child Asset,SWITCHBOARD,UNKNOWN,ACTIVE,UNVERIFIED,,,,0,0,0
ae8c931f-ad80-4fbf-bc20-3dcbb2e6eef7,AST-CHL-ba39,Child Asset,SWITCHBOARD,UNKNOWN,ACTIVE,UNVERIFIED,,,,0,0,0
2cd17a33-da58-48d5-a721-93d712bf7ff9,AST-CHL-c234,Child Asset,SWITCHBOARD,UNKNOWN,ACTIVE,UNVERIFIED,,,,0,0,0
979d0794-45f3-4acd-964d-131ce1812935,AST-CHL-c665,Child Asset,SWITCHBOARD,UNKNOWN,ACTIVE,UNVERIFIED,,,,0,0,0
22aa2b5b-0ac3-4eda-ac17-14a57ad87c55,AST-CHL-d510,Child Asset,SWITCHBOARD,UNKNOWN,ACTIVE,UNVERIFIED,,,,0,0,0
728ad088-14c2-4916-aaa1-44f8f5f2142e,AST-CHL-e9b9,Child Asset,SWITCHBOARD,UNKNOWN,ACTIVE,UNVERIFIED,,,,0,0,0
460073f6-69e6-4586-b9d1-467a6590bff0,AST-CHL-fc4e,Child Asset,SWITCHBOARD,UNKNOWN,ACTIVE,UNVERIFIED,,,,0,0,0
53db7aa3-3687-4851-b383-2cd434d0701c,AST-EXTRA-1cf7,Extra Asset,OTHER,UNKNOWN,ACTIVE,UNVERIFIED,,,,0,0,1
c82c0c37-c412-4a8f-8397-69d401a7313b,AST-EXTRA-22ce,Extra Asset,OTHER,UNKNOWN,ACTIVE,UNVERIFIED,,,,0,0,1
ce38818b-7626-4fa7-b0fd-b9db11a5629b,AST-EXTRA-30b0,Extra Asset,OTHER,UNKNOWN,ACTIVE,UNVERIFIED,,,,0,0,1
82d698f0-8eca-48ae-b879-a25186f57c25,AST-EXTRA-5f18,Extra Asset,OTHER,UNKNOWN,ACTIVE,UNVERIFIED,,,,0,0,1
574bd89b-fe11-4c32-bb4b-c07066c2e3dc,AST-EXTRA-6010,Extra Asset,OTHER,UNKNOWN,ACTIVE,UNVERIFIED,,,,0,0,1
3c807c79-1899-4a9d-b6dc-22a71bf5d8a9,AST-EXTRA-65b2,Extra Asset,OTHER,UNKNOWN,ACTIVE,UNVERIFIED,,,,0,0,1
8c0edb58-af91-4eef-af20-efe66ac023bf,AST-EXTRA-67c8,Extra Asset,OTHER,UNKNOWN,ACTIVE,UNVERIFIED,,,,0,0,1
219ff4de-848d-407f-b9a3-7bbb6d93de09,AST-EXTRA-6c5b,Extra Asset,OTHER,UNKNOWN,ACTIVE,UNVERIFIED,,,,0,0,1
4876fe64-ff5e-4d8a-a8dc-93cc25953b6e,AST-EXTRA-79a5,Extra Asset,OTHER,UNKNOWN,ACTIVE,UNVERIFIED,,,,0,0,1
9886d22f-f591-4950-b8bc-31db2a958dbf,AST-EXTRA-887c,Extra Asset,OTHER,UNKNOWN,ACTIVE,UNVERIFIED,,,,0,0,1
cc7b68e1-e8dd-4064-bccd-69b64d7dc28f,AST-EXTRA-998f,Extra Asset,OTHER,UNKNOWN,ACTIVE,UNVERIFIED,,,,0,0,1
ee1dfbe0-e43c-41fa-8d56-59a2a7e11b3c,AST-EXTRA-d4cc,Extra Asset,OTHER,UNKNOWN,ACTIVE,UNVERIFIED,,,,0,0,1
7e22e73a-997f-4498-995f-61ddcf62c78b,AST-EXTRA-fb60,Extra Asset,OTHER,UNKNOWN,ACTIVE,UNVERIFIED,,,,0,0,1
294332c4-5c38-434d-af05-1fe71dc46203,AST-EXTRA-ff98,Extra Asset,OTHER,UNKNOWN,ACTIVE,UNVERIFIED,,,,0,0,1
2f19b44b-a25a-4362-8960-e923ca3bd691,AST-FOR-RET-4587,Asset For Retired Meter,MACHINE,UNKNOWN,ACTIVE,UNVERIFIED,,,,0,0,0
fbe56578-5afe-4866-be60-43498a2fb033,AST-FOR-RET-4e29,Asset For Retired Meter,MACHINE,UNKNOWN,ACTIVE,UNVERIFIED,,,,0,0,0
d6387b8a-4688-4dfe-80e8-c29f7be04fd9,AST-FOR-RET-aece,Asset For Retired Meter,MACHINE,UNKNOWN,ACTIVE,UNVERIFIED,,,,0,0,0
02f1b2a8-87d9-4494-84ba-b025031de3ba,AST-NEW-SW-0fce,Tủ Mới,SWITCHBOARD,UNKNOWN,ACTIVE,UNVERIFIED,,,,1,0,0
10953a2b-356a-4873-89f8-e9b16c2f8fb4,AST-NEW-SW-11a5,Tủ Mới,SWITCHBOARD,UNKNOWN,ACTIVE,UNVERIFIED,,,,1,0,0
7f7fca64-4c56-4023-b16e-2b4f31bc857f,AST-NEW-SW-2221,Tủ Mới,SWITCHBOARD,UNKNOWN,ACTIVE,UNVERIFIED,,,,1,0,0
1f770755-59db-40b9-8b64-a5c278c2f08c,AST-NEW-SW-2f17,Tủ Mới,SWITCHBOARD,UNKNOWN,ACTIVE,UNVERIFIED,,,,1,0,0
ffe8f982-1eff-42f4-8925-3bf3fe28f3a6,AST-NEW-SW-4d8d,Tủ Mới,SWITCHBOARD,UNKNOWN,ACTIVE,UNVERIFIED,,,,1,0,0
955f3190-d361-4e71-b53b-30078b11f13a,AST-NEW-SW-530d,Tủ Mới,SWITCHBOARD,UNKNOWN,ACTIVE,UNVERIFIED,,,,1,0,0
a624a584-1415-4944-b566-ea0d3b027a37,AST-NEW-SW-53d8,Tủ Mới,SWITCHBOARD,UNKNOWN,ACTIVE,UNVERIFIED,,,,1,0,0
3e3f3595-fc87-443f-b183-5a8835ec0775,AST-NEW-SW-561c,Tủ Mới,SWITCHBOARD,UNKNOWN,ACTIVE,UNVERIFIED,,,,1,0,0
046a5063-c10f-40a6-9354-07b9e8a375da,AST-NEW-SW-6bd1,Tủ Mới,SWITCHBOARD,UNKNOWN,ACTIVE,UNVERIFIED,,,,1,0,0
3ce8f2a0-0fb4-4ceb-bfe1-9ad8e289cfa6,AST-NEW-SW-7c08,Tủ Mới,SWITCHBOARD,UNKNOWN,ACTIVE,UNVERIFIED,,,,1,0,0
8553fe64-afca-406d-a5fc-8d84b447a26e,AST-NEW-SW-918c,Tủ Mới,SWITCHBOARD,UNKNOWN,ACTIVE,UNVERIFIED,,,,1,0,0
d822d592-9e1a-4903-93e5-0bc770b90618,AST-NEW-SW-9979,Tủ Mới,SWITCHBOARD,UNKNOWN,ACTIVE,UNVERIFIED,,,,1,0,0
03cd65bd-ab49-42fc-82af-4ae3d30fce6a,AST-NEW-SW-e54e,Tủ Mới,SWITCHBOARD,UNKNOWN,ACTIVE,UNVERIFIED,,,,1,0,0
a0fcd95a-05c3-4671-98f3-5a2a2d7638fd,AST-NEW-SW-ef99,Tủ Mới,SWITCHBOARD,UNKNOWN,ACTIVE,UNVERIFIED,,,,1,0,0
36373545-a59d-45c4-b3b5-a639333a94c9,AST-PAR-18ee,Parent Asset,WAREHOUSE,UNKNOWN,RETIRED,UNVERIFIED,,,,0,0,0
06335fb6-81cb-4717-82be-ef2e0f4607e8,AST-PAR-259e,Parent Asset,WAREHOUSE,UNKNOWN,RETIRED,UNVERIFIED,,,,0,0,0
d7a476ef-56d8-43db-88ba-6ddda9bdaf11,AST-PAR-327c,Parent Asset,WAREHOUSE,UNKNOWN,RETIRED,UNVERIFIED,,,,0,0,0
93d6c51d-e42c-48fc-887c-2bc7199bde8e,AST-PAR-388a,Parent Asset,WAREHOUSE,UNKNOWN,RETIRED,UNVERIFIED,,,,0,0,0
bd4fda0f-5a92-4c54-bf2b-4684ae7a459a,AST-PAR-5ce9,Parent Asset,WAREHOUSE,UNKNOWN,RETIRED,UNVERIFIED,,,,0,0,0
0765334e-a82e-4f88-b13e-8fe70a3b488e,AST-PAR-6541,Parent Asset,WAREHOUSE,UNKNOWN,RETIRED,UNVERIFIED,,,,0,0,0
0c1b992f-2e75-4131-9fad-e792fc2dce0d,AST-PAR-66a9,Parent Asset,WAREHOUSE,UNKNOWN,RETIRED,UNVERIFIED,,,,0,0,0
d8b07849-6b36-4993-a7ee-3106d668ae96,AST-PAR-73a4,Parent Asset,WAREHOUSE,UNKNOWN,RETIRED,UNVERIFIED,,,,0,0,0
d0bc0bdf-f653-4f7e-996b-67cba682b192,AST-PAR-770e,Parent Asset,WAREHOUSE,UNKNOWN,RETIRED,UNVERIFIED,,,,0,0,0
b785ec9e-d37e-4258-ac53-ad63272dae8a,AST-PAR-b21f,Parent Asset,WAREHOUSE,UNKNOWN,RETIRED,UNVERIFIED,,,,0,0,0
2649255f-0e40-490f-a43a-6102fa6459be,AST-PAR-bec8,Parent Asset,WAREHOUSE,UNKNOWN,RETIRED,UNVERIFIED,,,,0,0,0
8bf2c57f-5af0-4c56-824a-c7250939e6fa,AST-PAR-dbb6,Parent Asset,WAREHOUSE,UNKNOWN,RETIRED,UNVERIFIED,,,,0,0,0
376a04d8-ffd2-4f52-aa9a-14149a21679a,AST-PAR-f162,Parent Asset,WAREHOUSE,UNKNOWN,RETIRED,UNVERIFIED,,,,0,0,0
8923c3e3-0c72-4e15-9cea-6c7964d1b1bc,AST-RTG-180a,Cẩu Khung RTG-99,RTG,UNKNOWN,ACTIVE,UNVERIFIED,,,,1,0,0
8fefd0d6-cc78-46ba-820a-f7d559668270,AST-RTG-1d93,Cẩu Khung RTG-99,RTG,UNKNOWN,ACTIVE,UNVERIFIED,,,,1,0,0
b80b8d21-7889-4815-9ece-fce133d80278,AST-RTG-3beb,Cẩu Khung RTG-99,RTG,UNKNOWN,ACTIVE,UNVERIFIED,,,,1,0,0
440dbf96-6c50-4ab2-9656-aadf3358a33f,AST-RTG-48d4,Cẩu Khung RTG-99,RTG,UNKNOWN,ACTIVE,UNVERIFIED,,,,1,0,0
df41496c-35ac-4bc8-9482-e5a5eae8f5c0,AST-RTG-4ed5,Cẩu Khung RTG-99,RTG,UNKNOWN,ACTIVE,UNVERIFIED,,,,1,0,0
955d0114-ae49-4152-af6e-a17dd9d448cd,AST-RTG-5679,Cẩu Khung RTG-99,RTG,UNKNOWN,ACTIVE,UNVERIFIED,,,,1,0,0
4b7c8047-62fd-4cf2-ada5-0865d8757474,AST-RTG-6260,Cẩu Khung RTG-99,RTG,UNKNOWN,ACTIVE,UNVERIFIED,,,,1,0,0
987caedd-6335-46fd-8e91-3ac7c81504c7,AST-RTG-62d2,Cẩu Khung RTG-99,RTG,UNKNOWN,ACTIVE,UNVERIFIED,,,,1,0,0
3ee7575c-563c-4f0e-97b8-368dabc7cd76,AST-RTG-6e60,Cẩu Khung RTG-99,RTG,UNKNOWN,ACTIVE,UNVERIFIED,,,,1,0,0
7baee973-8e1a-45fc-aceb-6a022e8acbf3,AST-RTG-abf4,Cẩu Khung RTG-99,RTG,UNKNOWN,ACTIVE,UNVERIFIED,,,,1,0,0
a9091ee8-b2c5-4972-8e8e-5b7a164fd8c0,AST-RTG-e504,Cẩu Khung RTG-99,RTG,UNKNOWN,ACTIVE,UNVERIFIED,,,,1,0,0
aee03e2e-1c5f-4416-94eb-c778774d7ad2,AST-RTG-ed2e,Cẩu Khung RTG-99,RTG,UNKNOWN,ACTIVE,UNVERIFIED,,,,1,0,0
dffba5d5-2a4b-404b-9b4f-b7d4bea83e43,AST-RTG-ee7d,Cẩu Khung RTG-99,RTG,UNKNOWN,ACTIVE,UNVERIFIED,,,,1,0,0
5417ae7e-a49e-4b15-84e4-7e09b116b400,AST-RTG-f601,Cẩu Khung RTG-99,RTG,UNKNOWN,ACTIVE,UNVERIFIED,,,,1,0,0
411f8874-8bf0-4639-a6ff-33d904671e16,AST-SW-1948,Tủ Điện Kiosk,SWITCHBOARD,UNKNOWN,ACTIVE,UNVERIFIED,,,,2,0,0
236c8d27-c9bc-4fc8-94d1-4875117884f1,AST-SW-2c30,Tủ Điện Kiosk,SWITCHBOARD,UNKNOWN,ACTIVE,UNVERIFIED,,,,2,0,0
6b4ab245-fbdb-42ee-8cfa-fc9fe8cfe256,AST-SW-3b29,Tủ Điện Kiosk,SWITCHBOARD,UNKNOWN,ACTIVE,UNVERIFIED,,,,2,0,0
07385007-a2d3-487e-abaa-837e906dff0e,AST-SW-4925,Tủ Điện Kiosk,SWITCHBOARD,UNKNOWN,ACTIVE,UNVERIFIED,,,,2,0,0
fac5160b-8bf9-44c1-887f-35fc6c788b49,AST-SW-49b4,Tủ Điện Kiosk,SWITCHBOARD,UNKNOWN,ACTIVE,UNVERIFIED,,,,2,0,0
3fbc0764-fc31-4b5f-8666-31c83b01b470,AST-SW-8038,Tủ Điện Kiosk,SWITCHBOARD,UNKNOWN,ACTIVE,UNVERIFIED,,,,2,0,0
0f4850bd-9a15-4c41-b6e2-066d1bf118ba,AST-SW-81d1,Tủ Điện Kiosk,SWITCHBOARD,UNKNOWN,ACTIVE,UNVERIFIED,,,,2,0,0
07ff3390-f6ee-4985-9d2a-e1c2390f5294,AST-SW-8216,Tủ Điện Kiosk,SWITCHBOARD,UNKNOWN,ACTIVE,UNVERIFIED,,,,2,0,0
675a63ce-f00a-4b1d-b99e-f565b420ff0b,AST-SW-8280,Tủ Điện Kiosk,SWITCHBOARD,UNKNOWN,ACTIVE,UNVERIFIED,,,,2,0,0
f9180cd5-a545-4cce-a50a-65222c1c3981,AST-SW-8b07,Tủ Điện Kiosk,SWITCHBOARD,UNKNOWN,ACTIVE,UNVERIFIED,,,,2,0,0
d48157cb-c959-45c8-af2b-b979da5f89ec,AST-SW-91f9,Tủ Điện Kiosk,SWITCHBOARD,UNKNOWN,ACTIVE,UNVERIFIED,,,,2,0,0
9149701a-26f5-4c79-a790-227d11c02b1f,AST-SW-a369,Tủ Điện Kiosk,SWITCHBOARD,UNKNOWN,ACTIVE,UNVERIFIED,,,,2,0,0
84fdd89d-3cab-4fc7-85c4-3b56e28eee99,AST-SW-a5fb,Tủ Điện Kiosk,SWITCHBOARD,UNKNOWN,ACTIVE,UNVERIFIED,,,,2,0,0
aeeec124-79ae-4666-ae32-ee046e16442f,AST-SW-eaa5,Tủ Điện Kiosk,SWITCHBOARD,UNKNOWN,ACTIVE,UNVERIFIED,,,,2,0,0
6e777901-caf8-448e-9b9c-264fdcf08acf,AST-TEST-006CF0,Trạm Biến Áp Kiểm Thử (Đã cập nhật),SUBSTATION,UNKNOWN,ACTIVE,VERIFIED,zone-technical,0.5,0.5,0,0,0
8dfd4fcf-b1dc-4adc-868a-c5a50e937ee2,AST-TEST-0A8A3E,Trạm Biến Áp Kiểm Thử (Đã cập nhật),SUBSTATION,UNKNOWN,ACTIVE,VERIFIED,zone-technical,0.5,0.5,0,0,0
9594373a-f9c3-4d44-80bf-738d14a90f00,AST-TEST-24B4DA,Trạm Biến Áp Kiểm Thử (Đã cập nhật),SUBSTATION,UNKNOWN,ACTIVE,VERIFIED,zone-technical,0.5,0.5,0,0,0
b0ca28a0-52fa-428e-b6d0-cccba3ce2d78,AST-TEST-40847B,Trạm Biến Áp Kiểm Thử (Đã cập nhật),SUBSTATION,UNKNOWN,ACTIVE,VERIFIED,zone-technical,0.5,0.5,0,0,0
7a37652e-7a6f-4e43-9b33-d7619c59188d,AST-TEST-4E54DD,Trạm Biến Áp Kiểm Thử (Đã cập nhật),SUBSTATION,UNKNOWN,ACTIVE,VERIFIED,zone-technical,0.5,0.5,0,0,0
cab603ad-a375-4c5f-b529-21ad05e1c26b,AST-TEST-6CEC01,Trạm Biến Áp Kiểm Thử (Đã cập nhật),SUBSTATION,UNKNOWN,ACTIVE,VERIFIED,zone-technical,0.5,0.5,0,0,0
80f11caf-a3ef-4eb0-bf7c-82d301185383,AST-TEST-6FEB16,Trạm Biến Áp Kiểm Thử (Đã cập nhật),SUBSTATION,UNKNOWN,ACTIVE,VERIFIED,zone-technical,0.5,0.5,0,0,0
6cae3a72-e104-45d5-9b18-4b7ea823121f,AST-TEST-7D8CE8,Trạm Biến Áp Kiểm Thử (Đã cập nhật),SUBSTATION,UNKNOWN,ACTIVE,VERIFIED,zone-technical,0.5,0.5,0,0,0
b9d35305-19c5-4412-9ddf-08593119ac95,AST-TEST-A16A31,Trạm Biến Áp Kiểm Thử (Đã cập nhật),SUBSTATION,UNKNOWN,ACTIVE,VERIFIED,zone-technical,0.5,0.5,0,0,0
636fbf49-7ff4-4bbf-8635-7d7ddcb8e8f7,AST-TEST-AF7C37,Trạm Biến Áp Kiểm Thử (Đã cập nhật),SUBSTATION,UNKNOWN,ACTIVE,VERIFIED,zone-technical,0.5,0.5,0,0,0
e843b054-c76d-49a3-b993-2a074eb5790d,AST-TEST-B1A95F,Trạm Biến Áp Kiểm Thử (Đã cập nhật),SUBSTATION,UNKNOWN,ACTIVE,VERIFIED,zone-technical,0.5,0.5,0,0,0
1c695236-1917-4cbd-94f4-fea419f3aa8e,AST-TEST-C19E95,Trạm Biến Áp Kiểm Thử (Đã cập nhật),SUBSTATION,UNKNOWN,ACTIVE,VERIFIED,zone-technical,0.5,0.5,0,0,0
dfdaadd7-b2da-45e5-8f06-90742a28ea17,AST-TEST-C751E7,Trạm Biến Áp Kiểm Thử (Đã cập nhật),SUBSTATION,UNKNOWN,ACTIVE,VERIFIED,zone-technical,0.5,0.5,0,0,0
522eb0f5-0bfa-4422-8c1d-9073054256df,AST-TOPO-CR-334f,Cẩu Bờ,QUAY_CRANE,UNKNOWN,ACTIVE,UNVERIFIED,,,,0,2,1
7434b506-82d9-4f86-a6b4-69f2667a6245,AST-TOPO-CR-406d,Cẩu Bờ,QUAY_CRANE,UNKNOWN,ACTIVE,UNVERIFIED,,,,0,2,1
a852398f-fdb9-40f9-ab70-1545c74c3bd2,AST-TOPO-CR-4cd5,Cẩu Bờ,QUAY_CRANE,UNKNOWN,ACTIVE,UNVERIFIED,,,,0,2,1
c12c4ef6-bff4-4ffd-8f7d-5420ea0ba60f,AST-TOPO-CR-5244,Cẩu Bờ,QUAY_CRANE,UNKNOWN,ACTIVE,UNVERIFIED,,,,0,2,1
a1a92a50-207b-4d38-87fd-452357509560,AST-TOPO-CR-6592,Cẩu Bờ,QUAY_CRANE,UNKNOWN,ACTIVE,UNVERIFIED,,,,0,2,1
b1d8c83f-08cb-4707-877f-1215efd7db2e,AST-TOPO-CR-6b9e,Cẩu Bờ,QUAY_CRANE,UNKNOWN,ACTIVE,UNVERIFIED,,,,0,2,1
1f9a9783-5958-412e-9053-06d4e62e6a70,AST-TOPO-CR-728b,Cẩu Bờ,QUAY_CRANE,UNKNOWN,ACTIVE,UNVERIFIED,,,,0,2,1
b4e11341-7133-46d2-a11a-894566648276,AST-TOPO-CR-895f,Cẩu Bờ,QUAY_CRANE,UNKNOWN,ACTIVE,UNVERIFIED,,,,0,2,1
7829cac6-8c6e-42b6-a8fb-638bdf8eb49a,AST-TOPO-CR-9365,Cẩu Bờ,QUAY_CRANE,UNKNOWN,ACTIVE,UNVERIFIED,,,,0,2,1
0583b629-fb0c-4e27-8e19-2437d316e0c6,AST-TOPO-CR-a574,Cẩu Bờ,QUAY_CRANE,UNKNOWN,ACTIVE,UNVERIFIED,,,,0,2,1
aae0217e-b562-4939-b405-352689599a75,AST-TOPO-CR-b6ef,Cẩu Bờ,QUAY_CRANE,UNKNOWN,ACTIVE,UNVERIFIED,,,,0,2,1
1763d502-3171-46d8-99b7-c98d83d712c9,AST-TOPO-CR-b8de,Cẩu Bờ,QUAY_CRANE,UNKNOWN,ACTIVE,UNVERIFIED,,,,0,2,1
56d080b5-4321-41a6-9084-8f36c1d6d79d,AST-TOPO-CR-e2b3,Cẩu Bờ,QUAY_CRANE,UNKNOWN,ACTIVE,UNVERIFIED,,,,0,2,1
71053e24-9cc7-403c-9f6a-4258b6a905d5,AST-TOPO-CR-f680,Cẩu Bờ,QUAY_CRANE,UNKNOWN,ACTIVE,UNVERIFIED,,,,0,2,1
a7c04c3c-73e8-441b-b209-e9f427051b55,AST-TOPO-SUB-03da,Trạm TT,SUBSTATION,UNKNOWN,ACTIVE,UNVERIFIED,,,,0,1,1
169154c2-e645-4926-b5ae-8623ccd7923d,AST-TOPO-SUB-1a6f,Trạm TT,SUBSTATION,UNKNOWN,ACTIVE,UNVERIFIED,,,,0,1,1
b3178fc5-0565-40fa-8aa1-b8de7bab9b3c,AST-TOPO-SUB-20db,Trạm TT,SUBSTATION,UNKNOWN,ACTIVE,UNVERIFIED,,,,0,1,1
27db8fe5-9d12-4b6b-b8c1-4d9c38a45e55,AST-TOPO-SUB-2a6c,Trạm TT,SUBSTATION,UNKNOWN,ACTIVE,UNVERIFIED,,,,0,1,1
eafced99-7d1b-43e8-83aa-b0064ab27f2e,AST-TOPO-SUB-306c,Trạm TT,SUBSTATION,UNKNOWN,ACTIVE,UNVERIFIED,,,,0,1,1
d20ead16-59fa-4d2f-b5e7-977ed183a162,AST-TOPO-SUB-4d8a,Trạm TT,SUBSTATION,UNKNOWN,ACTIVE,UNVERIFIED,,,,0,1,1
6584dd56-d3d1-46b6-9351-b5fd5771e311,AST-TOPO-SUB-a744,Trạm TT,SUBSTATION,UNKNOWN,ACTIVE,UNVERIFIED,,,,0,1,1
490fe555-9fd8-4ecb-a52c-9bf7985445a6,AST-TOPO-SUB-bba7,Trạm TT,SUBSTATION,UNKNOWN,ACTIVE,UNVERIFIED,,,,0,1,1
07a3b1f5-9e69-4ebd-814e-dd5ee7af5ca7,AST-TOPO-SUB-c021,Trạm TT,SUBSTATION,UNKNOWN,ACTIVE,UNVERIFIED,,,,0,1,1
39df8fd2-df56-495d-82c0-8fd14dab7075,AST-TOPO-SUB-e412,Trạm TT,SUBSTATION,UNKNOWN,ACTIVE,UNVERIFIED,,,,0,1,1
1599c15c-0fb0-408a-8a39-c0e94a54bfad,AST-TOPO-SUB-ea41,Trạm TT,SUBSTATION,UNKNOWN,ACTIVE,UNVERIFIED,,,,0,1,1
8a2991f2-a80c-499e-af49-bf07f1a2e66e,AST-TOPO-SUB-ee81,Trạm TT,SUBSTATION,UNKNOWN,ACTIVE,UNVERIFIED,,,,0,1,1
fd79189c-7ee7-4741-981f-d3ca8d12969b,AST-TOPO-SUB-eeab,Trạm TT,SUBSTATION,UNKNOWN,ACTIVE,UNVERIFIED,,,,0,1,1
a39796d7-4841-4045-b145-67268a6499d7,AST-TOPO-SUB-f263,Trạm TT,SUBSTATION,UNKNOWN,ACTIVE,UNVERIFIED,,,,0,1,1
749fadd4-e0ea-4149-8bb4-219335bfcc35,AST-TOPO-SW-26a1,Tủ Phân Phối,SWITCHBOARD,UNKNOWN,ACTIVE,UNVERIFIED,,,,0,1,1
049b9cf4-252b-49ab-a687-e4a9c4e5b0e7,AST-TOPO-SW-3c73,Tủ Phân Phối,SWITCHBOARD,UNKNOWN,ACTIVE,UNVERIFIED,,,,0,1,1
38c8e34e-e137-45d1-b08f-ffc1478af9f0,AST-TOPO-SW-4bab,Tủ Phân Phối,SWITCHBOARD,UNKNOWN,ACTIVE,UNVERIFIED,,,,0,1,1
d5695c00-a84d-403b-b0dd-4472cf592896,AST-TOPO-SW-4ef5,Tủ Phân Phối,SWITCHBOARD,UNKNOWN,ACTIVE,UNVERIFIED,,,,0,1,1
e9de0bda-56d6-4313-a9ff-dcf1b3ede9bb,AST-TOPO-SW-5a9b,Tủ Phân Phối,SWITCHBOARD,UNKNOWN,ACTIVE,UNVERIFIED,,,,0,1,1
c366f684-582a-4012-8760-773b788ff279,AST-TOPO-SW-64e4,Tủ Phân Phối,SWITCHBOARD,UNKNOWN,ACTIVE,UNVERIFIED,,,,0,1,1
08beb6d5-73fb-4957-aad2-2f6b57e6ea86,AST-TOPO-SW-6b45,Tủ Phân Phối,SWITCHBOARD,UNKNOWN,ACTIVE,UNVERIFIED,,,,0,1,1
bc5d8053-74fc-4001-b27d-24c7a2014b76,AST-TOPO-SW-8e61,Tủ Phân Phối,SWITCHBOARD,UNKNOWN,ACTIVE,UNVERIFIED,,,,0,1,1
0e6388df-f4e8-4d0e-b9f2-10210f44d380,AST-TOPO-SW-91a8,Tủ Phân Phối,SWITCHBOARD,UNKNOWN,ACTIVE,UNVERIFIED,,,,0,1,1
694fc98e-f464-44f3-9e79-1a8bb8ac2855,AST-TOPO-SW-993e,Tủ Phân Phối,SWITCHBOARD,UNKNOWN,ACTIVE,UNVERIFIED,,,,0,1,1
d3af3a4d-e997-4dcb-9f4a-f7c43652b3ec,AST-TOPO-SW-9ca5,Tủ Phân Phối,SWITCHBOARD,UNKNOWN,ACTIVE,UNVERIFIED,,,,0,1,1
3cb1d56a-4d63-4a09-afa0-8b9be8059a4a,AST-TOPO-SW-ac46,Tủ Phân Phối,SWITCHBOARD,UNKNOWN,ACTIVE,UNVERIFIED,,,,0,1,1
a2a9fb8a-522a-4086-8299-8e75fba96a1a,AST-TOPO-SW-ade7,Tủ Phân Phối,SWITCHBOARD,UNKNOWN,ACTIVE,UNVERIFIED,,,,0,1,1
10c6a88d-66a8-4bdf-abcb-6eb67a3b513c,AST-TOPO-SW-c151,Tủ Phân Phối,SWITCHBOARD,UNKNOWN,ACTIVE,UNVERIFIED,,,,0,1,1
85d94e6b-ce43-4efd-a961-d32e96eb5a7f,AST-VAL-0F3A6B,Asset Val,PUMP,UNKNOWN,ACTIVE,UNVERIFIED,,,,0,0,0
ab42fa04-aff1-4f2f-ab84-7f4f9a1e5e62,AST-VAL-174E17,Asset Val,PUMP,UNKNOWN,ACTIVE,UNVERIFIED,,,,0,0,0
c7970b80-6da5-4ad7-86ff-654cb3a1d4ea,AST-VAL-33555A,Asset Val,PUMP,UNKNOWN,ACTIVE,UNVERIFIED,,,,0,0,0
01ac3a35-55eb-4c37-b40d-348fb57f05c0,AST-VAL-38FD94,Asset Val,PUMP,UNKNOWN,ACTIVE,UNVERIFIED,,,,0,0,0
f30d9e3b-6641-4fa5-a43c-606215da7c0f,AST-VAL-40440C,Asset Val,PUMP,UNKNOWN,ACTIVE,UNVERIFIED,,,,0,0,0
b4dcfac4-c941-4280-95a6-a02638915486,AST-VAL-422B8B,Asset Val,PUMP,UNKNOWN,ACTIVE,UNVERIFIED,,,,0,0,0
b353beb9-e6ca-422c-90ab-e1b03134a1c5,AST-VAL-50A6A7,Asset Val,PUMP,UNKNOWN,ACTIVE,UNVERIFIED,,,,0,0,0
e1c4ac41-3577-40e0-a076-3a299c6ef123,AST-VAL-68377D,Asset Val,PUMP,UNKNOWN,ACTIVE,UNVERIFIED,,,,0,0,0
8a019e20-cf77-471b-8f50-263ac5f0bb6d,AST-VAL-A7C99B,Asset Val,PUMP,UNKNOWN,ACTIVE,UNVERIFIED,,,,0,0,0
2570ebb9-a934-4003-917a-5b0812302c9b,AST-VAL-BDAA53,Asset Val,PUMP,UNKNOWN,ACTIVE,UNVERIFIED,,,,0,0,0
165f8b98-2dd9-4a6f-8925-7c78feb010e5,AST-VAL-DC46E4,Asset Val,PUMP,UNKNOWN,ACTIVE,UNVERIFIED,,,,0,0,0
47b12461-5bad-493a-a58e-fa75ffb65ece,AST-VAL-E13703,Asset Val,PUMP,UNKNOWN,ACTIVE,UNVERIFIED,,,,0,0,0
7cb099d9-6f7c-43aa-bc42-de61a5bba907,AST-VAL-EF25C0,Asset Val,PUMP,UNKNOWN,ACTIVE,UNVERIFIED,,,,0,0,0
17612789-0d4c-4339-8ed9-e9b8eb3dbfef,AST-VAL-F78312,Asset Val,PUMP,UNKNOWN,ACTIVE,UNVERIFIED,,,,0,0,0
e9c3dca1-fc59-489d-8dda-2c17d7d50f2e,E-DST-08af62,Cẩu Bờ QC-01,QUAY_CRANE,UNKNOWN,ACTIVE,VERIFIED,,,,0,0,1
87a71efb-bc86-4902-a32a-d93276fe71d9,E-DST-7a6512,Cẩu Bờ QC-01,QUAY_CRANE,UNKNOWN,ACTIVE,VERIFIED,,,,0,0,1
7e4ad096-651f-4966-9545-62c5aa08fd98,E-DST-a2e1b2,Cẩu Bờ QC-01,QUAY_CRANE,UNKNOWN,ACTIVE,VERIFIED,,,,0,0,1
9ed09078-b82a-46f0-9abc-9839241e1a99,E-DST-a6ff42,Cẩu Bờ QC-01,QUAY_CRANE,UNKNOWN,ACTIVE,VERIFIED,,,,0,0,1
79aced72-5ff6-48d3-bf39-54702a6bb387,E-DST-b3bf70,Cẩu Bờ QC-01,QUAY_CRANE,UNKNOWN,ACTIVE,VERIFIED,,,,0,0,1
46e89b3c-32bf-4145-8e42-2bfbc0703584,E-DST-d04067,Cẩu Bờ QC-01,QUAY_CRANE,UNKNOWN,ACTIVE,VERIFIED,,,,0,0,1
43758a7f-eff5-4d88-b45e-9b75651edd7f,E-DST-d22fb9,Cẩu Bờ QC-01,QUAY_CRANE,UNKNOWN,ACTIVE,VERIFIED,,,,0,0,1
cd0d11b5-cc81-4b44-bcda-fc26351ca864,E-SRC-273fde,Trạm Cắt 22kV,SUBSTATION,UNKNOWN,ACTIVE,VERIFIED,,,,0,1,0
d384f567-9ff8-4b09-a893-abd68328537a,E-SRC-596d44,Trạm Cắt 22kV,SUBSTATION,UNKNOWN,ACTIVE,VERIFIED,,,,0,1,0
30ee0b45-a419-4c37-a748-bac48945335a,E-SRC-5c38aa,Trạm Cắt 22kV,SUBSTATION,UNKNOWN,ACTIVE,VERIFIED,,,,0,1,0
303cb93c-53bb-42b7-a94b-ebf51f7630e0,E-SRC-99462e,Trạm Cắt 22kV,SUBSTATION,UNKNOWN,ACTIVE,VERIFIED,,,,0,1,0
de1d8f12-8bb4-4c1e-9754-0bb07c38d232,E-SRC-d41874,Trạm Cắt 22kV,SUBSTATION,UNKNOWN,ACTIVE,VERIFIED,,,,0,1,0
8280f517-63a5-48b2-aeb7-b52dd64fc2b2,E-SRC-d5b34d,Trạm Cắt 22kV,SUBSTATION,UNKNOWN,ACTIVE,VERIFIED,,,,0,1,0
9ee2b7a6-834c-4551-be9f-02d4ae4c8ade,E-SRC-ea2824,Trạm Cắt 22kV,SUBSTATION,UNKNOWN,ACTIVE,VERIFIED,,,,0,1,0
f26cdfdb-1ba5-4a81-9d74-4b530a691f09,SUB-ST-3662,Tủ Phân Phối Cầu Tàu,WORKSHOP,UNKNOWN,ACTIVE,VERIFIED,,,,0,0,0
1408b628-042b-4474-8a8d-722a49bf0655,SUB-ST-6F70,Tủ Phân Phối Cầu Tàu,WORKSHOP,UNKNOWN,ACTIVE,VERIFIED,,,,0,0,1
46a58ab9-5efc-4a0d-841c-6a34ddd62139,SUB-ST-8C34,Tủ Phân Phối Cầu Tàu,WORKSHOP,UNKNOWN,ACTIVE,VERIFIED,,,,0,0,1
13dcf5d4-8e7b-4563-bbe4-ff557588f13f,SUB-ST-93E8,Tủ Phân Phối Cầu Tàu,WORKSHOP,UNKNOWN,ACTIVE,VERIFIED,,,,0,0,1
bfa024b1-f220-44d5-848b-85e1d08faad0,SUB-ST-A0CE,Tủ Phân Phối Cầu Tàu,WORKSHOP,UNKNOWN,ACTIVE,VERIFIED,,,,0,0,1
69270274-b73d-4494-be5d-8c7897b7f722,SUB-ST-A502,Tủ Phân Phối Cầu Tàu,WORKSHOP,UNKNOWN,ACTIVE,VERIFIED,,,,0,0,1
ae2e22b3-5d8b-44c4-aeaa-51f6d5c11d6b,SUB-ST-AC1D,Tủ Phân Phối Cầu Tàu,WORKSHOP,UNKNOWN,ACTIVE,VERIFIED,,,,0,0,1
2ab9ab91-25b7-47b7-9053-1f115d22e624,SUB-ST-C1C2,Tủ Phân Phối Cầu Tàu,WORKSHOP,UNKNOWN,ACTIVE,VERIFIED,,,,0,0,1
c89d09ae-9c62-411b-91e4-e30505e036f9,SUB-ST-C563,Tủ Phân Phối Cầu Tàu,WORKSHOP,UNKNOWN,ACTIVE,VERIFIED,,,,0,0,1
78ea74f1-0205-47b0-aee2-2da2f151be65,SUB-ST-C7F6,Tủ Phân Phối Cầu Tàu,WORKSHOP,UNKNOWN,ACTIVE,VERIFIED,,,,0,0,1
7b1a7c8e-0b6f-47fe-be86-26669ed0dcf6,SUB-ST-D9D3,Tủ Phân Phối Cầu Tàu,WORKSHOP,UNKNOWN,ACTIVE,VERIFIED,,,,0,0,1
bf877416-a4e9-40bd-978d-4c9260f29440,SUB-ST-DFFA,Tủ Phân Phối Cầu Tàu,WORKSHOP,UNKNOWN,ACTIVE,VERIFIED,,,,0,0,1
66b7e9f9-83e6-4e6b-8daa-cc883a6368ed,TEST-A1-002485,Thiết bị A1,WORKSHOP,UNKNOWN,ACTIVE,UNVERIFIED,,,,1,0,0
722cbe76-564a-4523-abe8-8beb3731d574,TEST-A1-1386AE,Thiết bị A1,WORKSHOP,UNKNOWN,ACTIVE,UNVERIFIED,,,,1,0,0
a3e1441c-bdb7-463c-83a9-52eeaf5213e5,TEST-A1-1C0FF7,Thiết bị A1,WORKSHOP,UNKNOWN,ACTIVE,UNVERIFIED,,,,1,0,0
273903dc-d75e-42a3-9afd-97aa1f3c23fa,TEST-A1-3A496C,Thiết bị A1,WORKSHOP,UNKNOWN,ACTIVE,UNVERIFIED,,,,0,0,0
d80403d3-f6a8-4cd9-8a28-97d69c58f321,TEST-A1-4BF0B3,Thiết bị A1,WORKSHOP,UNKNOWN,ACTIVE,UNVERIFIED,,,,1,0,0
27780e99-615d-4397-983a-a08f8027fe05,TEST-A1-55A031,Thiết bị A1,WORKSHOP,UNKNOWN,ACTIVE,UNVERIFIED,,,,1,0,0
cec0ec81-94da-4f98-ac9c-ed7018902981,TEST-A1-5F0B43,Thiết bị A1,WORKSHOP,UNKNOWN,ACTIVE,UNVERIFIED,,,,0,0,0
9367aee6-8b4a-4350-a2fe-c75ad670f697,TEST-A1-72C18C,Thiết bị A1,WORKSHOP,UNKNOWN,ACTIVE,UNVERIFIED,,,,1,0,0
e2fb768f-fd1b-4f1a-8778-b73692def938,TEST-A1-BB5940,Thiết bị A1,WORKSHOP,UNKNOWN,ACTIVE,UNVERIFIED,,,,1,0,0
b0f9312e-d24a-4236-8ad7-ade411f7fa6f,TEST-A1-BC97BC,Thiết bị A1,WORKSHOP,UNKNOWN,ACTIVE,UNVERIFIED,,,,1,0,0
e4a31343-6125-46e1-97f5-4cf06695ed7d,TEST-A1-CFA71B,Thiết bị A1,WORKSHOP,UNKNOWN,ACTIVE,UNVERIFIED,,,,1,0,0
f80c5c1d-739b-4c74-b9c0-a21f18d31e1f,TEST-A1-E4EB98,Thiết bị A1,WORKSHOP,UNKNOWN,ACTIVE,UNVERIFIED,,,,1,0,0
57b7d348-0185-4cb0-a160-efc8f022ab71,TEST-A1-F4A843,Thiết bị A1,WORKSHOP,UNKNOWN,ACTIVE,UNVERIFIED,,,,1,0,0
d6a03f0f-2763-4d02-a928-a4e0f94d7c65,TEST-A2-01BD1C,Thiết bị A2,WORKSHOP,UNKNOWN,ACTIVE,UNVERIFIED,,,,1,0,0
0d6d2a4b-e1c8-415d-a1e0-0613f07a6975,TEST-A2-25E05E,Thiết bị A2,WORKSHOP,UNKNOWN,ACTIVE,UNVERIFIED,,,,1,0,0
c0bc6f10-3ef7-403a-8c1f-1fbd69f2c974,TEST-A2-3855AA,Thiết bị A2,WORKSHOP,UNKNOWN,ACTIVE,UNVERIFIED,,,,1,0,0
e568f3bb-3e87-4f07-8d20-1e36e785a67b,TEST-A2-78411D,Thiết bị A2,WORKSHOP,UNKNOWN,ACTIVE,UNVERIFIED,,,,0,0,0
ade93b97-8635-4612-9779-56b5cd553002,TEST-A2-8C0889,Thiết bị A2,WORKSHOP,UNKNOWN,ACTIVE,UNVERIFIED,,,,1,0,0
85b3c89e-d920-47b2-9669-c2c0c77bf3dc,TEST-A2-932D7E,Thiết bị A2,WORKSHOP,UNKNOWN,ACTIVE,UNVERIFIED,,,,1,0,0
ab77346e-c405-454f-9b09-6746f8d4ca3d,TEST-A2-9346C3,Thiết bị A2,WORKSHOP,UNKNOWN,ACTIVE,UNVERIFIED,,,,1,0,0
b6f6ba4e-cf8b-4c01-964f-a59a5af5d296,TEST-A2-B27741,Thiết bị A2,WORKSHOP,UNKNOWN,ACTIVE,UNVERIFIED,,,,1,0,0
bcd6b11b-0291-400e-a864-e992ca0ef6c9,TEST-A2-B68DE3,Thiết bị A2,WORKSHOP,UNKNOWN,ACTIVE,UNVERIFIED,,,,1,0,0
7ca93ac1-7784-46dd-b540-41143eda21a7,TEST-A2-B7C489,Thiết bị A2,WORKSHOP,UNKNOWN,ACTIVE,UNVERIFIED,,,,0,0,0
9947b581-f564-40cc-85fa-cff5e28b7823,TEST-A2-BA6D95,Thiết bị A2,WORKSHOP,UNKNOWN,ACTIVE,UNVERIFIED,,,,1,0,0
7462cae9-724d-45c0-b4d3-546325e0ba22,TEST-A2-DAD78D,Thiết bị A2,WORKSHOP,UNKNOWN,ACTIVE,UNVERIFIED,,,,1,0,0
ffaca9b4-8811-4302-a586-34094ef83ac8,TEST-A2-DB8A56,Thiết bị A2,WORKSHOP,UNKNOWN,ACTIVE,UNVERIFIED,,,,1,0,0
61d939e1-b06b-4a14-bafb-ec5254b7228f,TEST-POS-174D9F,Thiết bị định vị,WAREHOUSE,UNKNOWN,ACTIVE,UNVERIFIED,,0.01,0.01,0,0,0
87108a05-6f3a-4d0e-a3e1-c78a4217c876,TEST-POS-1D8274,Thiết bị định vị,WAREHOUSE,UNKNOWN,ACTIVE,UNVERIFIED,,0.01,0.01,0,0,0
f1b587c9-ff0b-438f-982a-28a86d0cb6bb,TEST-POS-34206D,Thiết bị định vị,WAREHOUSE,UNKNOWN,ACTIVE,UNVERIFIED,,0.01,0.01,0,0,0
fa56ce7f-f88d-44ca-8e35-994ecb761b41,TEST-POS-45A087,Thiết bị định vị,WAREHOUSE,UNKNOWN,ACTIVE,UNVERIFIED,,,,0,0,0
0b0c23ad-a0bc-40d2-8fd4-d3b4c28f8dea,TEST-POS-572425,Thiết bị định vị,WAREHOUSE,UNKNOWN,ACTIVE,UNVERIFIED,,0.01,0.01,0,0,0
5890b444-d0de-4afe-9797-d5d531caa598,TEST-POS-59FEDC,Thiết bị định vị,WAREHOUSE,UNKNOWN,ACTIVE,UNVERIFIED,,0.01,0.01,0,0,0
ff7a674b-fee3-4f45-91a5-44f0665bf29f,TEST-POS-79B0BF,Thiết bị định vị,WAREHOUSE,UNKNOWN,ACTIVE,UNVERIFIED,,0.35,0.15,0,0,0
c46b46d9-ec88-4cef-9b5f-01bd63564cfc,TEST-POS-92E3F7,Thiết bị định vị,WAREHOUSE,UNKNOWN,ACTIVE,UNVERIFIED,,0.01,0.01,0,0,0
973f64e1-97c9-4193-b788-184d889af6e0,TEST-POS-A0C9D2,Thiết bị định vị,WAREHOUSE,UNKNOWN,ACTIVE,UNVERIFIED,,0.01,0.01,0,0,0
5fa783c0-b0f4-445d-a5c1-590a98bceb42,TEST-POS-B31694,Thiết bị định vị,WAREHOUSE,UNKNOWN,ACTIVE,UNVERIFIED,,0.01,0.01,0,0,0
ff91ab47-f5b6-4f86-be88-845bab1e4ca0,TEST-POS-DDBF0A,Thiết bị định vị,WAREHOUSE,UNKNOWN,ACTIVE,UNVERIFIED,,0.01,0.01,0,0,0
1a3c4edb-77b7-4d1a-b5ab-4b154c970942,TEST-POS-F17A40,Thiết bị định vị,WAREHOUSE,UNKNOWN,ACTIVE,UNVERIFIED,,,,0,0,0
6fb6186a-97e9-44d3-b411-ff32fa3ab351,TEST-REJ-09A474,Thiết bị bị đề xuất sai,WAREHOUSE,UNKNOWN,ACTIVE,UNVERIFIED,,,,0,0,0
23373f3b-9699-41ba-9ef2-caaef20bb0a6,TEST-REJ-3CE15A,Thiết bị bị đề xuất sai,WAREHOUSE,UNKNOWN,ACTIVE,UNVERIFIED,,,,0,0,0
84e50653-56d3-45ac-9271-b6f1a328b7cd,TEST-REJ-4BBD73,Thiết bị bị đề xuất sai,WAREHOUSE,UNKNOWN,ACTIVE,UNVERIFIED,,,,0,0,0
d7278e9f-2349-4834-8338-c4621dc57933,TEST-REJ-5B0675,Thiết bị bị đề xuất sai,WAREHOUSE,UNKNOWN,ACTIVE,UNVERIFIED,,,,0,0,0
d7d051b5-d303-4813-bd4a-14c00b10eac5,TEST-REJ-A53D65,Thiết bị bị đề xuất sai,WAREHOUSE,UNKNOWN,ACTIVE,UNVERIFIED,,,,0,0,0
2607e257-16a6-42f7-b254-20bb7dc42c41,TEST-REJ-B4E1E7,Thiết bị bị đề xuất sai,WAREHOUSE,UNKNOWN,ACTIVE,UNVERIFIED,,,,0,0,0
ac3fdfe3-3362-4218-891b-67e0a58f450b,TEST-REJ-BAC26F,Thiết bị bị đề xuất sai,WAREHOUSE,UNKNOWN,ACTIVE,UNVERIFIED,,,,0,0,0
292fb23d-c8c0-452f-90d9-19bd12492613,TEST-REJ-BBED08,Thiết bị bị đề xuất sai,WAREHOUSE,UNKNOWN,ACTIVE,UNVERIFIED,,,,0,0,0
72d2b731-6fa2-4710-9903-ac29f8eded4b,TEST-REJ-C4CEB7,Thiết bị bị đề xuất sai,WAREHOUSE,UNKNOWN,ACTIVE,UNVERIFIED,,,,0,0,0
a9510f0f-d863-42dc-9104-7c28bb38182b,TEST-REJ-C62022,Thiết bị bị đề xuất sai,WAREHOUSE,UNKNOWN,ACTIVE,UNVERIFIED,,,,0,0,0
5b043e27-dbe4-4303-beeb-552ecbf4cc70,TEST-REJ-E7738C,Thiết bị bị đề xuất sai,WAREHOUSE,UNKNOWN,ACTIVE,UNVERIFIED,,,,0,0,0
7be3ea33-263f-41ba-b858-c69077e556f4,TEST-REJ-EE2FF9,Thiết bị bị đề xuất sai,WAREHOUSE,UNKNOWN,ACTIVE,UNVERIFIED,,,,0,0,0
31ce0065-7b46-4139-a25a-07e2b5a5e0d3,TEST-VERIF-263751,Thiết bị kiểm tra xác minh,WORKSHOP,UNKNOWN,ACTIVE,VERIFIED,,,,0,0,0
f2d69b8d-e8b2-4bb8-9527-d94b244081f2,TEST-VERIF-2A0A18,Thiết bị kiểm tra xác minh,WORKSHOP,UNKNOWN,ACTIVE,VERIFIED,,,,0,0,0
65e6635d-a25d-40d4-8757-615abef42da0,TEST-VERIF-411B3C,Thiết bị kiểm tra xác minh,WORKSHOP,UNKNOWN,ACTIVE,VERIFIED,,,,0,0,0
809cbe4b-674c-4f63-8021-cd980319be40,TEST-VERIF-560253,Thiết bị kiểm tra xác minh,WORKSHOP,UNKNOWN,ACTIVE,VERIFIED,,,,0,0,0
8b5f7ef8-3c91-4d41-a9b4-64bc56d30607,TEST-VERIF-5CF685,Thiết bị kiểm tra xác minh,WORKSHOP,UNKNOWN,ACTIVE,VERIFIED,,,,0,0,0
6b4bb187-a4ef-41b7-b071-4603f1bf5ce7,TEST-VERIF-7DFBB0,Thiết bị kiểm tra xác minh,WORKSHOP,UNKNOWN,ACTIVE,VERIFIED,,,,0,0,0
f94c1d1e-99c2-47ac-9c2b-b7efccc03337,TEST-VERIF-931B99,Thiết bị kiểm tra xác minh,WORKSHOP,UNKNOWN,ACTIVE,VERIFIED,,,,0,0,0
a7ec0090-8b10-4f77-a35f-75fa3ffbc189,TEST-VERIF-ADFB92,Thiết bị kiểm tra xác minh,WORKSHOP,UNKNOWN,ACTIVE,VERIFIED,,,,0,0,0
a290637d-4ecb-4dbb-8dab-c7e7143d3a2d,TEST-VERIF-E2C0B3,Thiết bị kiểm tra xác minh,WORKSHOP,UNKNOWN,ACTIVE,VERIFIED,,,,0,0,0
2d4d8295-eae3-4ed2-9c71-325f6332a3d0,TEST-VERIF-EC095A,Thiết bị kiểm tra xác minh,WORKSHOP,UNKNOWN,ACTIVE,VERIFIED,,,,0,0,0
be5c21c8-0272-4826-82c6-8ebee5153cb4,TEST-VERIF-F60054,Thiết bị kiểm tra xác minh,WORKSHOP,UNKNOWN,ACTIVE,VERIFIED,,,,0,0,0
01b72053-215e-41e2-9c27-d84b5beb2f47,TEST-VERIF-F74697,Thiết bị kiểm tra xác minh,WORKSHOP,UNKNOWN,ACTIVE,VERIFIED,,,,0,0,0
870dbc32-869f-44b8-ba49-7646b69b72fa,TR-ST-1496,Trạm Biến Áp Nguồn,FACILITY,UNKNOWN,ACTIVE,VERIFIED,,,,0,1,0
ded3de89-f502-4851-a645-0139392c51f8,TR-ST-21EE,Trạm Biến Áp Nguồn,FACILITY,UNKNOWN,ACTIVE,VERIFIED,,,,0,1,0
8f6763f7-9f02-4c53-a88b-837208fdd6de,TR-ST-2DE2,Trạm Biến Áp Nguồn,FACILITY,UNKNOWN,ACTIVE,VERIFIED,,,,0,1,0
11b554a5-88f0-4b51-b943-8cf6d8811638,TR-ST-36D8,Trạm Biến Áp Nguồn,FACILITY,UNKNOWN,ACTIVE,VERIFIED,,,,0,1,0
18785015-5eaa-475c-b91d-fb2a902a2d64,TR-ST-3A20,Trạm Biến Áp Nguồn,FACILITY,UNKNOWN,ACTIVE,VERIFIED,,,,0,1,0
7465f303-deec-44cc-bc66-54e8b7cb41f6,TR-ST-5CC1,Trạm Biến Áp Nguồn,FACILITY,UNKNOWN,ACTIVE,VERIFIED,,,,0,0,0
4098f294-2767-44a0-88ee-e7b56683b1c6,TR-ST-80A4,Trạm Biến Áp Nguồn,FACILITY,UNKNOWN,ACTIVE,VERIFIED,,,,0,1,0
54ca53fc-23c1-4a2a-89d9-207639ea66b2,TR-ST-B4A0,Trạm Biến Áp Nguồn,FACILITY,UNKNOWN,ACTIVE,VERIFIED,,,,0,1,0
d9f20734-8b64-4de5-96c3-bcbc7c12ff0d,TR-ST-C6CD,Trạm Biến Áp Nguồn,FACILITY,UNKNOWN,ACTIVE,VERIFIED,,,,0,1,0
58de5cf1-4343-4516-877f-5e7fd7075271,TR-ST-D69A,Trạm Biến Áp Nguồn,FACILITY,UNKNOWN,ACTIVE,VERIFIED,,,,0,1,0
1d6286a9-68ae-4739-9041-c7adb14510ac,TR-ST-EAEB,Trạm Biến Áp Nguồn,FACILITY,UNKNOWN,ACTIVE,VERIFIED,,,,0,1,0
b60f04fb-102b-4f89-a4e7-f623ad8fd419,TR-ST-F45F,Trạm Biến Áp Nguồn,FACILITY,UNKNOWN,ACTIVE,VERIFIED,,,,0,1,0
a2fdd3a2-6301-4662-bf64-3236f2334ee3,W-DST-3c0390,Trụ Nước Tàu Cầu Cảng,WATER_POINT,UNKNOWN,ACTIVE,VERIFIED,,,,0,0,1
dacfe0a7-0a83-4ee6-8bbe-706ea13809df,W-DST-4767dc,Trụ Nước Tàu Cầu Cảng,WATER_POINT,UNKNOWN,ACTIVE,VERIFIED,,,,0,0,1
c0eee923-a4a6-4a79-bde7-6c3291a8d5fb,W-DST-5fd06c,Trụ Nước Tàu Cầu Cảng,WATER_POINT,UNKNOWN,ACTIVE,VERIFIED,,,,0,0,1
aa6e478a-59d1-48bf-9c3a-c56a19d8d36d,W-DST-850914,Trụ Nước Tàu Cầu Cảng,WATER_POINT,UNKNOWN,ACTIVE,VERIFIED,,,,0,0,1
4466aa02-79af-422f-b648-cf4ddfc4fbe9,W-DST-a5d116,Trụ Nước Tàu Cầu Cảng,WATER_POINT,UNKNOWN,ACTIVE,VERIFIED,,,,0,0,1
07e106a4-dcf7-4bed-92c2-a37901a6c655,W-DST-b7d248,Trụ Nước Tàu Cầu Cảng,WATER_POINT,UNKNOWN,ACTIVE,VERIFIED,,,,0,0,1
a0e31784-aea6-4e32-a1fe-182da74475c1,W-DST-beb6b5,Trụ Nước Tàu Cầu Cảng,WATER_POINT,UNKNOWN,ACTIVE,VERIFIED,,,,0,0,1
cad9cead-a968-47a5-bb53-7b0bef13b2cf,W-SRC-0bb7d8,Đài Nước Cảng,WATER_POINT,UNKNOWN,ACTIVE,VERIFIED,,,,0,1,0
7fca6baf-ca46-4f9c-b5a7-accc7439d625,W-SRC-51ca5a,Đài Nước Cảng,WATER_POINT,UNKNOWN,ACTIVE,VERIFIED,,,,0,1,0
4fdf6189-b00a-4243-84d4-c1a3305bed71,W-SRC-53ff96,Đài Nước Cảng,WATER_POINT,UNKNOWN,ACTIVE,VERIFIED,,,,0,1,0
2f295b69-6369-4658-b0a6-e1f556bb3a0e,W-SRC-7dc6eb,Đài Nước Cảng,WATER_POINT,UNKNOWN,ACTIVE,VERIFIED,,,,0,1,0
31a59bd7-df1a-4dfd-b17a-d73dc95d7826,W-SRC-97a336,Đài Nước Cảng,WATER_POINT,UNKNOWN,ACTIVE,VERIFIED,,,,0,1,0
d887c3ea-52f3-4cba-b385-487d1e0a4acf,W-SRC-c3495e,Đài Nước Cảng,WATER_POINT,UNKNOWN,ACTIVE,VERIFIED,,,,0,1,0
6ff5778f-a951-498a-a54e-3d08b75f2e63,W-SRC-f08093,Đài Nước Cảng,WATER_POINT,UNKNOWN,ACTIVE,VERIFIED,,,,0,1,0
