ENTITY_TYPE,LEVEL,SURFACE_NAME,PERMITTED_FIELDS,PROHIBITED_FIELDS,DATA_SOURCE,READINESS_STATUS
EMPLOYEE,L0,Canvas Marker,"32x32px circular avatar, navy border, status dot (assigned)",Animated path line, simulated GPS radar rings,ZoneAssignment -> User,ALREADY_AVAILABLE
EMPLOYEE,L1,Label Layer,"Employee code (NV001), concise name",Fictional velocity or GPS coordinates,User.employee_code,ALREADY_AVAILABLE
EMPLOYEE,L2,Hover Tooltip,"Employee code, full name, zone responsibility, assignment role, verified shift (if verified), simulation disclosure",Personal progress percentage, personal reading count, unverified attendance, GPS language,ZoneAssignment + WorkSchedule,FRONTEND_INTEGRATION_ONLY
EMPLOYEE,L3,Inspector Dock,"Avatar, full name, employee code, role, standing zone assignment, effective period, verified shift schedule, verified attendance check-in, zone progress (labeled as zone progress), deep link to Staff Roster",Personal completion %, personal quota, direct HR record editing,ZoneAssignment + WorkSchedule + AttendanceEvent,FRONTEND_INTEGRATION_ONLY
ZONE,L0,Canvas Polygon,"Boundary linework, zone code badge (CSL, BTH, CONT), status color accent (Normal/Review/Overdue/No-Data)",Floating cluttered KPI cards obscuring berths,tan_thuan_1_zones_edited.json,ALREADY_AVAILABLE
ZONE,L1,Label Layer,"Zone name, compact progress pill",Unverified percentages when round is unopened,zoneAnchors.ts,ALREADY_AVAILABLE
ZONE,L2,Hover Tooltip,"Zone name, code, reading round progress (confirmed/total), exception count (review/overdue), round status",Fabricated child-zone aggregates, rendering 0% when no data exists,map_operations.py (zones_out),FRONTEND_INTEGRATION_ONLY
ZONE,L3,Inspector Dock,"Zone header, assigned operator summary, round breakdown (confirmed/review/overdue/due/pending), list of attention meters, deep links to Reports and Schedules",Automatic parent-child double-counting, raw GIS vertex table in ops mode,map_operations.py (zones_out),FRONTEND_INTEGRATION_ONLY
METER,L0,Canvas Marker,"16x16px circular marker with outlined utility icon (Zap/Droplets), semantic halo (Green/Amber/Red/Blue/Gray)",Giant floating labels, sci-fi glowing laser grids,map_operations.py (meters_out),ALREADY_AVAILABLE
METER,L1,Label Layer,"Meter code (CT-001) visible at zoom > 2.0x",Raw readings visible at port-wide zoom,Meter.meter_code,ALREADY_AVAILABLE
METER,L2,Hover Tooltip,"Meter code, name, utility icon, location, semantic state badge, latest reading value (tabular number), time (HH:mm - DD/MM)",Hardcoded unverified units (kWh/m3) due to MEASUREMENT_UNIT_DATA_GAP,map_operations.py (MapMeterOut),ALREADY_AVAILABLE
METER,L3,Inspector Dock,"Header (code, name, utility, zone, status), reading hero element, submitter name, timestamp, confirmation source, exception details, secondary OCR diagnostics, deep links to Inspection and Details",Exposing PaddleOCR/YOLO internal weights, consumption delta charts without rollover rules,map_operations.py + AdminReadingInspection,FRONTEND_INTEGRATION_ONLY
NETWORK,L0,Canvas Polylines,"Simulated feeder lines and busbars in restrained amber/blue, permanent watermark disclosure",Presenting simulated lines as verified ground truth underground cables,utilityDemoLayout.ts,ALREADY_AVAILABLE
NETWORK,L1,Label Layer,"Substation and distribution feeder identifiers",Fictional SCADA live voltage/flow metrics,utilityDemoLayout.ts,ALREADY_AVAILABLE
NETWORK,L2,Hover Tooltip,"Node name, connected meters count, simulation watermark",Unverified engineering load metrics,utilityDemoLayout.ts,ALREADY_AVAILABLE
NETWORK,L3,Inspector Dock,"Topology summary, connected meters list, simulation disclaimer notice, calibration link",Authoritative GIS survey certification,utilityDemoLayout.ts,ALREADY_AVAILABLE
